step,version,age,batch,loss,pg_loss,kl_loss,adv_mean,reward,eval_reward,rollout/n_total,rollout/n_appended,rollout/n_eos,rollout/n_budget,rollout/n_loop,rollout/n_invalid,rollout/n_empty,rollout/valid_rate,rollout/generated_tokens,rollout/valid_tokens,rollout/wall_time,rollout/rollout_tokens,rollout/expected_rollout_tokens,rollout/budgets_used,rollout/teacher_forward_tokens,rollout/loop_periods,rollout/temperature,rollout/repetition_penalty,rollout/loop_min_len,rollout/source,rollout/budget_utilization,rollout/truncation_rate,rollout/loop_rate,rollout/eos_rate,rollout/accuracy_proxy,rollout/raw_tok_per_sec,rollout/valid_tok_per_sec,rollout/useful_per_token,hit_rate,refresh_age_p95,reuse_p95,max_length_ratio,cache_health/status,cache_health/reason,lookup/total,lookup/hit,lookup/miss,lookup/invalid,lookup/duplicate,lookup/hit_rate,refresh_train/skipped,refresh_train/skip_reason,refresh_pool/size,pool
0,1,1,4,0.4672480821609497,0.4672480821609497,4.3545037020642496e-10,-0.7734375,-0.7734375,,,,,,,,,,,,,,,,,,,,,,,,,,,,,,,,,,,,,,,,,,,,,
1,2,2,4,0.5246015191078186,0.4653172492980957,2.96421480178833,-0.5390625,-0.349609375,,,,,,,,,,,,,,,,,,,,,,,,,,,,,,,,,,,,,,,,,,,,,
2,3,3,4,0.47794973850250244,0.4068542420864105,3.554774761199951,-0.51953125,-0.22265625,,,,,,,,,,,,,,,,,,,,,,,,,,,,,,,,,,,,,,,,,,,,,
3,4,4,4,0.45996084809303284,0.4165465235710144,2.1707162857055664,-0.5234375,-0.26953125,,,,,,,,,,,,,,,,,,,,,,,,,,,,,,,,,,,,,,,,,,,,,
4,5,5,4,0.5499540567398071,0.485706090927124,3.2123990058898926,-0.68359375,-0.20703125,,,,,,,,,,,,,,,,,,,,,,,,,,,,,,,,,,,,,,,,,,,,,
5,6,6,4,0.44187748432159424,0.3859817385673523,2.7947874069213867,-0.58203125,-0.1396484375,,,,,,,,,,,,,,,,,,,,,,,,,,,,,,,,,,,,,,,,,,,,,
6,7,6,4,0.4263286888599396,0.3345209062099457,4.590389251708984,-0.40625,-0.1650390625,,,,,,,,,,,,,,,,,,,,,,,,,,,,,,,,,,,,,,,,,,,,,
7,8,6,4,0.3094289302825928,0.2633894681930542,2.301973342895508,-0.30078125,-0.15234375,,,,,,,,,,,,,,,,,,,,,,,,,,,,,,,,,,,,,,,,,,,,,
8,9,6,4,0.25575095415115356,0.20614996552467346,2.480048656463623,-0.2080078125,-0.11865234375,,,,,,,,,,,,,,,,,,,,,,,,,,,,,,,,,,,,,,,,,,,,,
9,10,7,4,0.27921220660209656,0.2254987359046936,2.6856729984283447,-0.2294921875,-0.11669921875,,,,,,,,,,,,,,,,,,,,,,,,,,,,,,,,,,,,,,,,,,,,,
10,11,7,4,0.25973787903785706,0.19344192743301392,3.314797878265381,-0.23046875,-0.107421875,,,,,,,,,,,,,,,,,,,,,,,,,,,,,,,,,,,,,,,,,,,,,
11,12,7,4,0.23525455594062805,0.13007089495658875,5.259182929992676,-0.09130859375,-0.043701171875,,,,,,,,,,,,,,,,,,,,,,,,,,,,,,,,,,,,,,,,,,,,,
12,13,7,4,0.23054014146327972,0.16489022970199585,3.2824957370758057,-0.2138671875,-0.04736328125,,,,,,,,,,,,,,,,,,,,,,,,,,,,,,,,,,,,,,,,,,,,,
13,14,7,4,0.1873125433921814,0.12731531262397766,2.999861717224121,-0.13671875,-0.0233154296875,,,,,,,,,,,,,,,,,,,,,,,,,,,,,,,,,,,,,,,,,,,,,
14,15,8,4,0.1745065599679947,0.1234138011932373,2.554637908935547,-0.177734375,-0.059326171875,,,,,,,,,,,,,,,,,,,,,,,,,,,,,,,,,,,,,,,,,,,,,
15,16,9,4,0.17284537851810455,0.11894673109054565,2.694932460784912,-0.154296875,-0.055419921875,,,,,,,,,,,,,,,,,,,,,,,,,,,,,,,,,,,,,,,,,,,,,
16,17,9,4,0.16981369256973267,0.10666292905807495,3.1575379371643066,-0.11279296875,0.01318359375,,,,,,,,,,,,,,,,,,,,,,,,,,,,,,,,,,,,,,,,,,,,,
17,18,9,4,0.14026391506195068,0.08691803365945816,2.667294502258301,-0.07373046875,-0.01348876953125,,,,,,,,,,,,,,,,,,,,,,,,,,,,,,,,,,,,,,,,,,,,,
18,19,9,4,0.1877547651529312,0.13218680024147034,2.778398036956787,-0.1328125,-0.1025390625,,,,,,,,,,,,,,,,,,,,,,,,,,,,,,,,,,,,,,,,,,,,,
19,20,9,4,0.16102807223796844,0.09320022165775299,3.391392707824707,-0.06494140625,-0.0137939453125,-0.01657446162425913,,,,,,,,,,,,,,,,,,,,,,,,,,,,,,,,,,,,,,,,,,,,
20,21,10,4,0.13314533233642578,0.06765034794807434,3.274749755859375,-0.06396484375,-0.0093994140625,,,,,,,,,,,,,,,,,,,,,,,,,,,,,,,,,,,,,,,,,,,,,
21,22,10,4,0.15685154497623444,0.056988656520843506,4.993144512176514,-0.033447265625,0.00830078125,,,,,,,,,,,,,,,,,,,,,,,,,,,,,,,,,,,,,,,,,,,,,
22,23,10,4,0.10616052150726318,0.026605939492583275,3.977729082107544,0.01116943359375,0.06787109375,,,,,,,,,,,,,,,,,,,,,,,,,,,,,,,,,,,,,,,,,,,,,
23,24,10,4,0.16611911356449127,0.07593896985054016,4.509007453918457,-0.047607421875,0.0625,,,,,,,,,,,,,,,,,,,,,,,,,,,,,,,,,,,,,,,,,,,,,
24,25,10,4,0.16529324650764465,0.08984026312828064,3.7726497650146484,-0.0021514892578125,0.0712890625,,,,,,,,,,,,,,,,,,,,,,,,,,,,,,,,,,,,,,,,,,,,,
25,26,10,4,0.23893386125564575,0.14938749372959137,4.47731876373291,-0.134765625,0.01123046875,,,,,,,,,,,,,,,,,,,,,,,,,,,,,,,,,,,,,,,,,,,,,
26,27,10,4,0.18769000470638275,0.11370161175727844,3.6994197368621826,-0.06884765625,0.05419921875,,,,,,,,,,,,,,,,,,,,,,,,,,,,,,,,,,,,,,,,,,,,,
27,28,10,4,0.15096202492713928,0.07134266197681427,3.9809679985046387,-0.0380859375,0.05419921875,,,,,,,,,,,,,,,,,,,,,,,,,,,,,,,,,,,,,,,,,,,,,
28,29,9,4,0.11335828900337219,0.039096131920814514,3.7131080627441406,0.0035400390625,0.06591796875,,,,,,,,,,,,,,,,,,,,,,,,,,,,,,,,,,,,,,,,,,,,,
29,30,10,4,0.0895901694893837,0.023126773536205292,3.3231699466705322,0.02099609375,0.1318359375,,,,,,,,,,,,,,,,,,,,,,,,,,,,,,,,,,,,,,,,,,,,,
30,31,9,4,0.08052365481853485,0.014222327619791031,3.3150665760040283,0.0289306640625,0.09423828125,,,,,,,,,,,,,,,,,,,,,,,,,,,,,,,,,,,,,,,,,,,,,
31,32,9,4,0.09571868181228638,0.02251780405640602,3.6600441932678223,0.05126953125,0.08984375,,,,,,,,,,,,,,,,,,,,,,,,,,,,,,,,,,,,,,,,,,,,,
32,33,10,4,0.08009645342826843,0.0027070418000221252,3.8694705963134766,0.06982421875,0.138671875,,,,,,,,,,,,,,,,,,,,,,,,,,,,,,,,,,,,,,,,,,,,,
33,34,10,4,0.09675947576761246,0.0057104723528027534,4.552450180053711,0.068359375,0.13671875,,,,,,,,,,,,,,,,,,,,,,,,,,,,,,,,,,,,,,,,,,,,,
34,35,10,4,0.13150593638420105,0.0425238274037838,4.449105739593506,0.0150146484375,0.07275390625,,,,,,,,,,,,,,,,,,,,,,,,,,,,,,,,,,,,,,,,,,,,,
35,36,10,4,0.07861490547657013,-0.0037535999435931444,4.118425369262695,0.1015625,0.07470703125,,,,,,,,,,,,,,,,,,,,,,,,,,,,,,,,,,,,,,,,,,,,,
36,37,10,4,0.05887883901596069,-0.023584304377436638,4.123157501220703,0.08837890625,0.1533203125,,,,,,,,,,,,,,,,,,,,,,,,,,,,,,,,,,,,,,,,,,,,,
37,38,10,4,0.09581319242715836,0.011307885870337486,4.2252655029296875,0.04345703125,0.1396484375,,,,,,,,,,,,,,,,,,,,,,,,,,,,,,,,,,,,,,,,,,,,,
38,39,10,4,0.028404496610164642,-0.07211046665906906,5.025748252868652,0.1494140625,0.2392578125,,,,,,,,,,,,,,,,,,,,,,,,,,,,,,,,,,,,,,,,,,,,,
39,40,10,4,0.11036190390586853,0.03949225693941116,3.5434823036193848,-0.0118408203125,0.0693359375,0.12401175567356404,,,,,,,,,,,,,,,,,,,,,,,,,,,,,,,,,,,,,,,,,,,,
40,41,10,4,-0.008054971694946289,-0.08773021399974823,3.983762264251709,0.1591796875,0.2373046875,,,,,,,,,,,,,,,,,,,,,,,,,,,,,,,,,,,,,,,,,,,,,
41,42,10,4,0.009344205260276794,-0.06649013608694077,3.791717052459717,0.1630859375,0.2197265625,,,,,,,,,,,,,,,,,,,,,,,,,,,,,,,,,,,,,,,,,,,,,
42,43,10,4,-0.010958641767501831,-0.08532905578613281,3.7185208797454834,0.1845703125,0.216796875,,,,,,,,,,,,,,,,,,,,,,,,,,,,,,,,,,,,,,,,,,,,,
43,44,10,4,-0.00488319993019104,-0.07853138446807861,3.6824092864990234,0.142578125,0.1806640625,,,,,,,,,,,,,,,,,,,,,,,,,,,,,,,,,,,,,,,,,,,,,
44,45,10,4,-0.003446154296398163,-0.0847143679857254,4.063410758972168,0.1787109375,0.23828125,,,,,,,,,,,,,,,,,,,,,,,,,,,,,,,,,,,,,,,,,,,,,
45,46,10,4,-0.029816344380378723,-0.11609417200088501,4.313891410827637,0.22265625,0.2578125,,,,,,,,,,,,,,,,,,,,,,,,,,,,,,,,,,,,,,,,,,,,,
46,47,10,4,0.010650642216205597,-0.08224789798259735,4.644927024841309,0.1669921875,0.2470703125,,,,,,,,,,,,,,,,,,,,,,,,,,,,,,,,,,,,,,,,,,,,,
47,48,10,4,-0.0024222061038017273,-0.10501597821712494,5.129688739776611,0.1806640625,0.2734375,,,,,,,,,,,,,,,,,,,,,,,,,,,,,,,,,,,,,,,,,,,,,
48,49,9,4,0.03765223175287247,-0.07223694026470184,5.4944586753845215,0.1240234375,0.26171875,,,,,,,,,,,,,,,,,,,,,,,,,,,,,,,,,,,,,,,,,,,,,
49,50,10,4,0.033012017607688904,-0.06953530013561249,5.127366065979004,0.1376953125,0.275390625,,,,,,,,,,,,,,,,,,,,,,,,,,,,,,,,,,,,,,,,,,,,,
50,51,10,4,0.0691835880279541,-0.04223036393523216,5.570697784423828,0.11083984375,0.25,,,,,,,,,,,,,,,,,,,,,,,,,,,,,,,,,,,,,,,,,,,,,
51,52,10,4,0.02134443074464798,-0.08089068531990051,5.111755847930908,0.1337890625,0.314453125,,,,,,,,,,,,,,,,,,,,,,,,,,,,,,,,,,,,,,,,,,,,,
52,53,10,4,-0.03277503699064255,-0.1277945190668106,4.750974178314209,0.228515625,0.390625,,,,,,,,,,,,,,,,,,,,,,,,,,,,,,,,,,,,,,,,,,,,,
53,54,10,4,0.00036153197288513184,-0.10309593379497528,5.172873497009277,0.2041015625,0.3125,,,,,,,,,,,,,,,,,,,,,,,,,,,,,,,,,,,,,,,,,,,,,
54,55,10,4,-0.030488550662994385,-0.11111664772033691,4.031404972076416,0.212890625,0.240234375,,,,,,,,,,,,,,,,,,,,,,,,,,,,,,,,,,,,,,,,,,,,,
55,56,10,4,-0.039721108973026276,-0.12911851704120636,4.469870567321777,0.279296875,0.283203125,,,,,,,,,,,,,,,,,,,,,,,,,,,,,,,,,,,,,,,,,,,,,
56,57,10,4,-0.005802340805530548,-0.08007637411355972,3.7137017250061035,0.279296875,0.1767578125,,,,,,,,,,,,,,,,,,,,,,,,,,,,,,,,,,,,,,,,,,,,,
57,58,10,4,-0.033358871936798096,-0.10990576446056366,3.8273448944091797,0.30859375,0.2421875,,,,,,,,,,,,,,,,,,,,,,,,,,,,,,,,,,,,,,,,,,,,,
58,59,10,4,-0.0338144451379776,-0.12783828377723694,4.7011919021606445,0.28515625,0.265625,,,,,,,,,,,,,,,,,,,,,,,,,,,,,,,,,,,,,,,,,,,,,
59,60,10,4,-0.026012875139713287,-0.12238936871290207,4.818824768066406,0.2578125,0.263671875,0.25885179825127125,,,,,,,,,,,,,,,,,,,,,,,,,,,,,,,,,,,,,,,,,,,,
60,61,10,4,-0.05023829638957977,-0.14799915254116058,4.88804292678833,0.25,0.271484375,,,,,,,,,,,,,,,,,,,,,,,,,,,,,,,,,,,,,,,,,,,,,
61,62,10,4,-0.044967301189899445,-0.1450735181570053,5.005311012268066,0.244140625,0.28515625,,,,,,,,,,,,,,,,,,,,,,,,,,,,,,,,,,,,,,,,,,,,,
62,63,10,4,-0.042141303420066833,-0.14485520124435425,5.135694980621338,0.251953125,0.357421875,,,,,,,,,,,,,,,,,,,,,,,,,,,,,,,,,,,,,,,,,,,,,
63,64,10,4,-0.0015880167484283447,-0.10261370986700058,5.0512847900390625,0.2021484375,0.349609375,,,,,,,,,,,,,,,,,,,,,,,,,,,,,,,,,,,,,,,,,,,,,
64,65,10,4,0.0060927122831344604,-0.11213327944278717,5.911299705505371,0.23046875,0.41015625,,,,,,,,,,,,,,,,,,,,,,,,,,,,,,,,,,,,,,,,,,,,,
65,66,10,4,0.04129805415868759,-0.06366842985153198,5.248324394226074,0.142578125,0.30078125,,,,,,,,,,,,,,,,,,,,,,,,,,,,,,,,,,,,,,,,,,,,,
66,67,10,4,0.005934096872806549,-0.10099034011363983,5.346221923828125,0.2236328125,0.357421875,,,,,,,,,,,,,,,,,,,,,,,,,,,,,,,,,,,,,,,,,,,,,
67,68,10,4,0.009768173098564148,-0.09479479491710663,5.228148460388184,0.2138671875,0.376953125,,,,,,,,,,,,,,,,,,,,,,,,,,,,,,,,,,,,,,,,,,,,,
68,69,9,4,-0.07743935286998749,-0.1814160943031311,5.1988372802734375,0.3671875,0.470703125,,,,,,,,,,,,,,,,,,,,,,,,,,,,,,,,,,,,,,,,,,,,,
69,70,10,4,-0.016490787267684937,-0.14827708899974823,6.589314937591553,0.3125,0.3359375,,,,,,,,,,,,,,,,,,,,,,,,,,,,,,,,,,,,,,,,,,,,,
70,71,9,4,-0.09448186308145523,-0.20389197766780853,5.470505714416504,0.404296875,0.373046875,,,,,,,,,,,,,,,,,,,,,,,,,,,,,,,,,,,,,,,,,,,,,
71,72,9,4,-0.055799856781959534,-0.13090330362319946,3.7551722526550293,0.306640625,0.265625,,,,,,,,,,,,,,,,,,,,,,,,,,,,,,,,,,,,,,,,,,,,,
72,73,9,4,-0.09970343112945557,-0.21022728085517883,5.526192665100098,0.427734375,0.39453125,,,,,,,,,,,,,,,,,,,,,,,,,,,,,,,,,,,,,,,,,,,,,
73,74,10,4,-0.13725614547729492,-0.22446179389953613,4.360282897949219,0.408203125,0.3984375,,,,,,,,,,,,,,,,,,,,,,,,,,,,,,,,,,,,,,,,,,,,,
74,75,10,4,-0.08577145636081696,-0.20169302821159363,5.796078681945801,0.412109375,0.376953125,,,,,,,,,,,,,,,,,,,,,,,,,,,,,,,,,,,,,,,,,,,,,
75,76,10,4,-0.05136929452419281,-0.1748264729976654,6.172859191894531,0.3125,0.318359375,,,,,,,,,,,,,,,,,,,,,,,,,,,,,,,,,,,,,,,,,,,,,
76,77,10,4,-0.07092128694057465,-0.1770152449607849,5.3046979904174805,0.3046875,0.314453125,,,,,,,,,,,,,,,,,,,,,,,,,,,,,,,,,,,,,,,,,,,,,
77,78,10,4,-0.10165978968143463,-0.23067259788513184,6.450640678405762,0.39453125,0.447265625,,,,,,,,,,,,,,,,,,,,,,,,,,,,,,,,,,,,,,,,,,,,,
78,79,10,4,-0.07692300528287888,-0.1894012689590454,5.623913288116455,0.30859375,0.390625,,,,,,,,,,,,,,,,,,,,,,,,,,,,,,,,,,,,,,,,,,,,,
79,80,10,4,-0.1024865135550499,-0.2206704318523407,5.909195899963379,0.361328125,0.419921875,0.35814173333346844,,,,,,,,,,,,,,,,,,,,,,,,,,,,,,,,,,,,,,,,,,,,
80,81,10,4,-0.11051735281944275,-0.20953913033008575,4.951088905334473,0.32421875,0.416015625,,,,,,,,,,,,,,,,,,,,,,,,,,,,,,,,,,,,,,,,,,,,,
81,82,10,4,-0.062273867428302765,-0.17817899584770203,5.795256614685059,0.35546875,0.4296875,,,,,,,,,,,,,,,,,,,,,,,,,,,,,,,,,,,,,,,,,,,,,
82,83,10,4,-0.04591801017522812,-0.15340648591518402,5.374423980712891,0.302734375,0.357421875,,,,,,,,,,,,,,,,,,,,,,,,,,,,,,,,,,,,,,,,,,,,,
83,84,10,4,-0.031600095331668854,-0.14371977746486664,5.605984210968018,0.2578125,0.33203125,,,,,,,,,,,,,,,,,,,,,,,,,,,,,,,,,,,,,,,,,,,,,
84,85,10,4,-0.008522845804691315,-0.11949890851974487,5.548803329467773,0.2421875,0.28515625,,,,,,,,,,,,,,,,,,,,,,,,,,,,,,,,,,,,,,,,,,,,,
85,86,10,4,-0.05883948504924774,-0.16893860697746277,5.504956245422363,0.263671875,0.275390625,,,,,,,,,,,,,,,,,,,,,,,,,,,,,,,,,,,,,,,,,,,,,
86,87,10,4,-0.08021359145641327,-0.194062739610672,5.692457675933838,0.32421875,0.33203125,,,,,,,,,,,,,,,,,,,,,,,,,,,,,,,,,,,,,,,,,,,,,
87,88,10,4,-0.04408702254295349,-0.1697976440191269,6.285531044006348,0.302734375,0.30859375,,,,,,,,,,,,,,,,,,,,,,,,,,,,,,,,,,,,,,,,,,,,,
88,89,9,4,-0.1163298636674881,-0.23815223574638367,6.091118812561035,0.44140625,0.39453125,,,,,,,,,,,,,,,,,,,,,,,,,,,,,,,,,,,,,,,,,,,,,
89,90,10,4,-0.10272017121315002,-0.23925964534282684,6.826973915100098,0.416015625,0.419921875,,,,,,,,,,,,,,,,,,,,,,,,,,,,,,,,,,,,,,,,,,,,,
90,91,9,4,-0.11931391060352325,-0.24417413771152496,6.243011474609375,0.435546875,0.419921875,,,,,,,,,,,,,,,,,,,,,,,,,,,,,,,,,,,,,,,,,,,,,
91,92,10,4,-0.13956768810749054,-0.24181228876113892,5.11223030090332,0.4453125,0.453125,,,,,,,,,,,,,,,,,,,,,,,,,,,,,,,,,,,,,,,,,,,,,
92,93,10,4,-0.08204791694879532,-0.18545962870121002,5.170585632324219,0.32421875,0.337890625,,,,,,,,,,,,,,,,,,,,,,,,,,,,,,,,,,,,,,,,,,,,,
93,94,10,4,-0.13946639001369476,-0.21972320973873138,4.01284122467041,0.310546875,0.3515625,,,,,,,,,,,,,,,,,,,,,,,,,,,,,,,,,,,,,,,,,,,,,
94,95,10,4,-0.0758678987622261,-0.1833208054304123,5.372645378112793,0.296875,0.337890625,,,,,,,,,,,,,,,,,,,,,,,,,,,,,,,,,,,,,,,,,,,,,
95,96,10,4,-0.11429391801357269,-0.25343942642211914,6.957275867462158,0.41015625,0.470703125,,,,,,,,,,,,,,,,,,,,,,,,,,,,,,,,,,,,,,,,,,,,,
96,97,10,4,-0.07742202281951904,-0.20041978359222412,6.149888038635254,0.31640625,0.380859375,,,,,,,,,,,,,,,,,,,,,,,,,,,,,,,,,,,,,,,,,,,,,
97,98,10,4,-0.12430647760629654,-0.24713262915611267,6.141307830810547,0.4375,0.51171875,,,,,,,,,,,,,,,,,,,,,,,,,,,,,,,,,,,,,,,,,,,,,
98,99,10,4,-0.08381387591362,-0.2148372381925583,6.551168441772461,0.3671875,0.439453125,,,,,,,,,,,,,,,,,,,,,,,,,,,,,,,,,,,,,,,,,,,,,
99,100,10,4,-0.11185569316148758,-0.23377707600593567,6.0960693359375,0.3828125,0.431640625,0.37631300929933786,,,,,,,,,,,,,,,,,,,,,,,,,,,,,,,,,,,,,,,,,,,,
,,,,,,,,,,8,8,0,8,0,0,0,1.0,8192,8192,4.640813149511814,8192,8192,8192,16384,"(2, 3, 4)",0.7,1.0,8,student,,,,,,,,,,,,,,,,,,,,,,,,
,,,,,,,,,,,,,,,,,1.0,,,,8192,,,,,,,,,1.0,1.0,0.0,0.0,1.0,1765.2078926861664,1765.2078926861664,0.0009765625,,,,,,,,,,,,,,,,
,,,,,,,,,,,,,,,,,1.0,,,,8192,,,,,,,,,1.0,1.0,0.0,0.0,1.0,1765.2078926861664,1765.2078926861664,0.0009765625,1.0,0,0,0,HEALTHY,,0,0,0,0,0,0.0,,,,
,,,,,,,,,,,,,,,,,,,,,,,,,,,,,,,,,,,,,,,,,,,,,,,,,,False,,8,
100,102,0,4,0.04310504347085953,-0.0386718288064003,4.088843822479248,0.05072186514735222,0.06136535853147507,,,,,,,,,,,,,,,,,,,,,,,,,,,,,,,,,,,,,,,,,,,,,refresh
101,104,0,4,0.03759528696537018,-0.024286311119794846,3.0940799713134766,0.029718464240431786,0.04147437587380409,,,,,,,,,,,,,,,,,,,,,,,,,,,,,,,,,,,,,,,,,,,,,refresh
102,105,14,4,-0.08807861059904099,-0.1910720020532608,5.149669647216797,0.302734375,0.3203125,,,,,,,,,,,,,,,,,,,,,,,,,,,,,,,,,,,,,,,,,,,,,
103,106,14,4,-0.2111402302980423,-0.32411104440689087,5.64854097366333,0.498046875,0.5078125,,,,,,,,,,,,,,,,,,,,,,,,,,,,,,,,,,,,,,,,,,,,,
104,107,14,4,-0.19649294018745422,-0.30420732498168945,5.385719299316406,0.478515625,0.470703125,,,,,,,,,,,,,,,,,,,,,,,,,,,,,,,,,,,,,,,,,,,,,
105,108,14,4,-0.2046395242214203,-0.2950320243835449,4.519625663757324,0.48046875,0.474609375,,,,,,,,,,,,,,,,,,,,,,,,,,,,,,,,,,,,,,,,,,,,,
106,109,14,4,-0.14237260818481445,-0.2652067542076111,6.141707897186279,0.41796875,0.421875,,,,,,,,,,,,,,,,,,,,,,,,,,,,,,,,,,,,,,,,,,,,,
107,110,14,4,-0.2115873545408249,-0.3341555595397949,6.128410339355469,0.5078125,0.53125,,,,,,,,,,,,,,,,,,,,,,,,,,,,,,,,,,,,,,,,,,,,,
108,111,14,4,-0.15149909257888794,-0.28904086351394653,6.87708854675293,0.455078125,0.47265625,,,,,,,,,,,,,,,,,,,,,,,,,,,,,,,,,,,,,,,,,,,,,
109,112,14,4,-0.09682975709438324,-0.22641105949878693,6.47906494140625,0.3359375,0.357421875,,,,,,,,,,,,,,,,,,,,,,,,,,,,,,,,,,,,,,,,,,,,,
110,113,9,4,-0.18639585375785828,-0.32643038034439087,7.001726150512695,0.54296875,0.578125,,,,,,,,,,,,,,,,,,,,,,,,,,,,,,,,,,,,,,,,,,,,,
111,114,9,4,-0.11184917390346527,-0.25141873955726624,6.97847843170166,0.419921875,0.423828125,,,,,,,,,,,,,,,,,,,,,,,,,,,,,,,,,,,,,,,,,,,,,
112,115,9,4,-0.10122696310281754,-0.22414767742156982,6.146035671234131,0.375,0.4140625,,,,,,,,,,,,,,,,,,,,,,,,,,,,,,,,,,,,,,,,,,,,,
113,116,9,4,-0.10079005360603333,-0.24442780017852783,7.181887149810791,0.408203125,0.42578125,,,,,,,,,,,,,,,,,,,,,,,,,,,,,,,,,,,,,,,,,,,,,
114,117,9,4,-0.21646785736083984,-0.34185343980789185,6.269279479980469,0.54296875,0.55859375,,,,,,,,,,,,,,,,,,,,,,,,,,,,,,,,,,,,,,,,,,,,,
115,118,9,4,-0.11427364498376846,-0.23173761367797852,5.873198509216309,0.34765625,0.35546875,,,,,,,,,,,,,,,,,,,,,,,,,,,,,,,,,,,,,,,,,,,,,
116,119,9,4,-0.10909278690814972,-0.244488924741745,6.7698073387146,0.38671875,0.384765625,,,,,,,,,,,,,,,,,,,,,,,,,,,,,,,,,,,,,,,,,,,,,
117,120,9,4,-0.25124591588974,-0.3657476305961609,5.725086212158203,0.65625,0.61328125,,,,,,,,,,,,,,,,,,,,,,,,,,,,,,,,,,,,,,,,,,,,,
118,121,9,4,-0.14226098358631134,-0.29127079248428345,7.450490474700928,0.53125,0.49609375,,,,,,,,,,,,,,,,,,,,,,,,,,,,,,,,,,,,,,,,,,,,,
119,122,9,4,-0.14094902575016022,-0.27516552805900574,6.710824966430664,0.46484375,0.47265625,0.41336303763091564,,,,,,,,,,,,,,,,,,,,,,,,,,,,,,,,,,,,,,,,,,,,
120,123,9,4,-0.08624139428138733,-0.21400704979896545,6.3882832527160645,0.365234375,0.3828125,,,,,,,,,,,,,,,,,,,,,,,,,,,,,,,,,,,,,,,,,,,,,
121,124,9,4,-0.18267714977264404,-0.328233540058136,7.277819633483887,0.5,0.51171875,,,,,,,,,,,,,,,,,,,,,,,,,,,,,,,,,,,,,,,,,,,,,
122,125,9,4,-0.1696677803993225,-0.2848687171936035,5.760047435760498,0.431640625,0.45703125,,,,,,,,,,,,,,,,,,,,,,,,,,,,,,,,,,,,,,,,,,,,,
123,126,9,4,-0.17022298276424408,-0.3125290274620056,7.115302085876465,0.466796875,0.5,,,,,,,,,,,,,,,,,,,,,,,,,,,,,,,,,,,,,,,,,,,,,
124,127,9,4,-0.14552703499794006,-0.2746518552303314,6.456241130828857,0.412109375,0.43359375,,,,,,,,,,,,,,,,,,,,,,,,,,,,,,,,,,,,,,,,,,,,,
125,128,9,4,-0.12297187745571136,-0.25178834795951843,6.440823554992676,0.408203125,0.44140625,,,,,,,,,,,,,,,,,,,,,,,,,,,,,,,,,,,,,,,,,,,,,
126,129,9,4,-0.13093513250350952,-0.26974809169769287,6.940648078918457,0.4453125,0.486328125,,,,,,,,,,,,,,,,,,,,,,,,,,,,,,,,,,,,,,,,,,,,,
127,130,9,4,-0.11783413589000702,-0.24361109733581543,6.288847923278809,0.3984375,0.404296875,,,,,,,,,,,,,,,,,,,,,,,,,,,,,,,,,,,,,,,,,,,,,
128,131,9,4,-0.25257644057273865,-0.38645994663238525,6.6941752433776855,0.57421875,0.5859375,,,,,,,,,,,,,,,,,,,,,,,,,,,,,,,,,,,,,,,,,,,,,
129,132,10,4,-0.21722061932086945,-0.3317123055458069,5.724584579467773,0.51171875,0.50390625,,,,,,,,,,,,,,,,,,,,,,,,,,,,,,,,,,,,,,,,,,,,,
130,133,10,4,-0.17411468923091888,-0.2952757477760315,6.058053016662598,0.46484375,0.46875,,,,,,,,,,,,,,,,,,,,,,,,,,,,,,,,,,,,,,,,,,,,,
131,134,10,4,-0.25606924295425415,-0.3877824544906616,6.585660457611084,0.59765625,0.59375,,,,,,,,,,,,,,,,,,,,,,,,,,,,,,,,,,,,,,,,,,,,,
132,135,9,4,-0.12663760781288147,-0.2413482367992401,5.735531330108643,0.4140625,0.41015625,,,,,,,,,,,,,,,,,,,,,,,,,,,,,,,,,,,,,,,,,,,,,
133,136,9,4,-0.19178946316242218,-0.30705368518829346,5.763211250305176,0.546875,0.51953125,,,,,,,,,,,,,,,,,,,,,,,,,,,,,,,,,,,,,,,,,,,,,
134,137,9,4,-0.19072148203849792,-0.3119601309299469,6.061932563781738,0.55078125,0.54296875,,,,,,,,,,,,,,,,,,,,,,,,,,,,,,,,,,,,,,,,,,,,,
135,138,9,4,-0.1611195057630539,-0.28550201654434204,6.219125747680664,0.45703125,0.462890625,,,,,,,,,,,,,,,,,,,,,,,,,,,,,,,,,,,,,,,,,,,,,
136,139,10,4,-0.13932941854000092,-0.26908546686172485,6.487802505493164,0.4609375,0.453125,,,,,,,,,,,,,,,,,,,,,,,,,,,,,,,,,,,,,,,,,,,,,
137,140,10,4,-0.24456317722797394,-0.3684762716293335,6.19565486907959,0.5625,0.58203125,,,,,,,,,,,,,,,,,,,,,,,,,,,,,,,,,,,,,,,,,,,,,
138,141,10,4,-0.17229118943214417,-0.29377567768096924,6.074224472045898,0.44921875,0.482421875,,,,,,,,,,,,,,,,,,,,,,,,,,,,,,,,,,,,,,,,,,,,,
139,142,10,4,-0.1502218395471573,-0.28151148557662964,6.564482688903809,0.404296875,0.42578125,0.4479090962558985,,,,,,,,,,,,,,,,,,,,,,,,,,,,,,,,,,,,,,,,,,,,
140,143,10,4,-0.1465311050415039,-0.2555156350135803,5.4492268562316895,0.421875,0.4453125,,,,,,,,,,,,,,,,,,,,,,,,,,,,,,,,,,,,,,,,,,,,,
141,144,10,4,-0.14098268747329712,-0.25019100308418274,5.460415840148926,0.400390625,0.4140625,,,,,,,,,,,,,,,,,,,,,,,,,,,,,,,,,,,,,,,,,,,,,
142,145,10,4,-0.14315515756607056,-0.28844135999679565,7.264310359954834,0.4921875,0.51171875,,,,,,,,,,,,,,,,,,,,,,,,,,,,,,,,,,,,,,,,,,,,,
143,146,10,4,-0.13213825225830078,-0.2765498161315918,7.220578193664551,0.4453125,0.466796875,,,,,,,,,,,,,,,,,,,,,,,,,,,,,,,,,,,,,,,,,,,,,
144,147,10,4,-0.24167604744434357,-0.38293027877807617,7.062711715698242,0.56640625,0.59375,,,,,,,,,,,,,,,,,,,,,,,,,,,,,,,,,,,,,,,,,,,,,
145,148,10,4,-0.22604332864284515,-0.36130696535110474,6.763181686401367,0.55859375,0.578125,,,,,,,,,,,,,,,,,,,,,,,,,,,,,,,,,,,,,,,,,,,,,
146,149,10,4,-0.19910231232643127,-0.31776827573776245,5.933298110961914,0.51171875,0.51953125,,,,,,,,,,,,,,,,,,,,,,,,,,,,,,,,,,,,,,,,,,,,,
147,150,10,4,-0.19983913004398346,-0.31335651874542236,5.675869464874268,0.50390625,0.484375,,,,,,,,,,,,,,,,,,,,,,,,,,,,,,,,,,,,,,,,,,,,,
148,151,9,4,-0.16137467324733734,-0.2758052349090576,5.721528053283691,0.46875,0.46875,,,,,,,,,,,,,,,,,,,,,,,,,,,,,,,,,,,,,,,,,,,,,
149,152,10,4,-0.18765345215797424,-0.3033502697944641,5.784841060638428,0.5234375,0.498046875,,,,,,,,,,,,,,,,,,,,,,,,,,,,,,,,,,,,,,,,,,,,,
150,153,10,4,-0.19437363743782043,-0.32584694027900696,6.573665142059326,0.5703125,0.55078125,,,,,,,,,,,,,,,,,,,,,,,,,,,,,,,,,,,,,,,,,,,,,
151,154,10,4,-0.18985532224178314,-0.33505865931510925,7.260167121887207,0.5703125,0.54296875,,,,,,,,,,,,,,,,,,,,,,,,,,,,,,,,,,,,,,,,,,,,,
152,155,10,4,-0.16179044544696808,-0.2985057234764099,6.835764408111572,0.484375,0.48046875,,,,,,,,,,,,,,,,,,,,,,,,,,,,,,,,,,,,,,,,,,,,,
153,156,10,4,-0.17851676046848297,-0.3051920533180237,6.333765029907227,0.466796875,0.47265625,,,,,,,,,,,,,,,,,,,,,,,,,,,,,,,,,,,,,,,,,,,,,
154,157,10,4,-0.266797810792923,-0.39322298765182495,6.321259021759033,0.6328125,0.6484375,,,,,,,,,,,,,,,,,,,,,,,,,,,,,,,,,,,,,,,,,,,,,
155,158,10,4,-0.1581481397151947,-0.2779189646244049,5.988541603088379,0.43359375,0.45703125,,,,,,,,,,,,,,,,,,,,,,,,,,,,,,,,,,,,,,,,,,,,,
156,159,10,4,-0.2064855843782425,-0.36192014813423157,7.771728515625,0.5390625,0.5703125,,,,,,,,,,,,,,,,,,,,,,,,,,,,,,,,,,,,,,,,,,,,,
157,160,10,4,-0.12553299963474274,-0.2503818869590759,6.2424445152282715,0.390625,0.404296875,,,,,,,,,,,,,,,,,,,,,,,,,,,,,,,,,,,,,,,,,,,,,
158,161,10,4,-0.15902842581272125,-0.2853389084339142,6.315524578094482,0.458984375,0.486328125,,,,,,,,,,,,,,,,,,,,,,,,,,,,,,,,,,,,,,,,,,,,,
159,162,10,4,-0.18908318877220154,-0.31314852833747864,6.2032670974731445,0.515625,0.51953125,0.4559206673875451,,,,,,,,,,,,,,,,,,,,,,,,,,,,,,,,,,,,,,,,,,,,
160,163,10,4,-0.16962480545043945,-0.2667035162448883,4.853936195373535,0.427734375,0.451171875,,,,,,,,,,,,,,,,,,,,,,,,,,,,,,,,,,,,,,,,,,,,,
161,164,10,4,-0.21644869446754456,-0.3281691372394562,5.58602237701416,0.486328125,0.486328125,,,,,,,,,,,,,,,,,,,,,,,,,,,,,,,,,,,,,,,,,,,,,
162,165,10,4,-0.20365315675735474,-0.30382534861564636,5.008609294891357,0.484375,0.4921875,,,,,,,,,,,,,,,,,,,,,,,,,,,,,,,,,,,,,,,,,,,,,
163,166,10,4,-0.1044410914182663,-0.23296719789505005,6.426305770874023,0.388671875,0.388671875,,,,,,,,,,,,,,,,,,,,,,,,,,,,,,,,,,,,,,,,,,,,,
164,167,10,4,-0.24785882234573364,-0.3650527000427246,5.859694480895996,0.5859375,0.5703125,,,,,,,,,,,,,,,,,,,,,,,,,,,,,,,,,,,,,,,,,,,,,
165,168,10,4,-0.22409997880458832,-0.35071367025375366,6.330684661865234,0.5390625,0.5546875,,,,,,,,,,,,,,,,,,,,,,,,,,,,,,,,,,,,,,,,,,,,,
166,169,10,4,-0.10496023297309875,-0.2562215328216553,7.563065528869629,0.4375,0.4609375,,,,,,,,,,,,,,,,,,,,,,,,,,,,,,,,,,,,,,,,,,,,,
167,170,10,4,-0.2741686999797821,-0.3890122175216675,5.742176055908203,0.60546875,0.6171875,,,,,,,,,,,,,,,,,,,,,,,,,,,,,,,,,,,,,,,,,,,,,
168,171,9,4,-0.16610226035118103,-0.25667738914489746,4.528757095336914,0.388671875,0.4140625,,,,,,,,,,,,,,,,,,,,,,,,,,,,,,,,,,,,,,,,,,,,,
169,172,10,4,-0.2729480564594269,-0.397610604763031,6.233127593994141,0.62890625,0.65234375,,,,,,,,,,,,,,,,,,,,,,,,,,,,,,,,,,,,,,,,,,,,,
170,173,10,4,-0.20765049755573273,-0.33585861325263977,6.410406112670898,0.484375,0.50390625,,,,,,,,,,,,,,,,,,,,,,,,,,,,,,,,,,,,,,,,,,,,,
171,174,10,4,-0.23376622796058655,-0.377064049243927,7.164891242980957,0.54296875,0.5703125,,,,,,,,,,,,,,,,,,,,,,,,,,,,,,,,,,,,,,,,,,,,,
172,175,10,4,-0.333055317401886,-0.4841376543045044,7.554117679595947,0.6953125,0.7109375,,,,,,,,,,,,,,,,,,,,,,,,,,,,,,,,,,,,,,,,,,,,,
173,176,10,4,-0.19493788480758667,-0.32106539607048035,6.306375503540039,0.484375,0.49609375,,,,,,,,,,,,,,,,,,,,,,,,,,,,,,,,,,,,,,,,,,,,,
174,177,10,4,-0.245962992310524,-0.3843201994895935,6.917860507965088,0.62109375,0.6328125,,,,,,,,,,,,,,,,,,,,,,,,,,,,,,,,,,,,,,,,,,,,,
175,178,10,4,-0.19917869567871094,-0.30955058336257935,5.518594264984131,0.48046875,0.46875,,,,,,,,,,,,,,,,,,,,,,,,,,,,,,,,,,,,,,,,,,,,,
176,179,10,4,-0.17408810555934906,-0.297096848487854,6.150437355041504,0.486328125,0.453125,,,,,,,,,,,,,,,,,,,,,,,,,,,,,,,,,,,,,,,,,,,,,
177,180,10,4,-0.2987520694732666,-0.4260876178741455,6.366778373718262,0.640625,0.625,,,,,,,,,,,,,,,,,,,,,,,,,,,,,,,,,,,,,,,,,,,,,
178,181,10,4,-0.20554682612419128,-0.34368008375167847,6.906662940979004,0.51171875,0.5,,,,,,,,,,,,,,,,,,,,,,,,,,,,,,,,,,,,,,,,,,,,,
179,182,10,4,-0.21758241951465607,-0.3567429780960083,6.9580278396606445,0.54296875,0.53125,0.4684383003041148,,,,,,,,,,,,,,,,,,,,,,,,,,,,,,,,,,,,,,,,,,,,
180,183,10,4,-0.33837243914604187,-0.4885008931159973,7.506422996520996,0.796875,0.78515625,,,,,,,,,,,,,,,,,,,,,,,,,,,,,,,,,,,,,,,,,,,,,
181,184,10,4,-0.24119414389133453,-0.40578150749206543,8.229368209838867,0.64453125,0.64453125,,,,,,,,,,,,,,,,,,,,,,,,,,,,,,,,,,,,,,,,,,,,,
182,185,10,4,-0.210776224732399,-0.3478419780731201,6.853287696838379,0.498046875,0.52734375,,,,,,,,,,,,,,,,,,,,,,,,,,,,,,,,,,,,,,,,,,,,,
183,186,10,4,-0.24549084901809692,-0.40524765849113464,7.98784065246582,0.6015625,0.6328125,,,,,,,,,,,,,,,,,,,,,,,,,,,,,,,,,,,,,,,,,,,,,
184,187,10,4,-0.23524191975593567,-0.3809698224067688,7.286395072937012,0.5625,0.6015625,,,,,,,,,,,,,,,,,,,,,,,,,,,,,,,,,,,,,,,,,,,,,
185,188,10,4,-0.26137563586235046,-0.3791378438472748,5.888110637664795,0.54296875,0.5859375,,,,,,,,,,,,,,,,,,,,,,,,,,,,,,,,,,,,,,,,,,,,,
186,189,10,4,-0.2833612263202667,-0.39776086807250977,5.719981670379639,0.5703125,0.60546875,,,,,,,,,,,,,,,,,,,,,,,,,,,,,,,,,,,,,,,,,,,,,
187,190,10,4,-0.24562236666679382,-0.3854314088821411,6.990452289581299,0.6171875,0.6640625,,,,,,,,,,,,,,,,,,,,,,,,,,,,,,,,,,,,,,,,,,,,,
188,191,9,4,-0.2143019735813141,-0.36916661262512207,7.743231773376465,0.5546875,0.5703125,,,,,,,,,,,,,,,,,,,,,,,,,,,,,,,,,,,,,,,,,,,,,
189,192,10,4,-0.23950806260108948,-0.3915363550186157,7.601415157318115,0.58203125,0.59765625,,,,,,,,,,,,,,,,,,,,,,,,,,,,,,,,,,,,,,,,,,,,,
190,193,10,4,-0.23202548921108246,-0.3650221526622772,6.649833679199219,0.51953125,0.51953125,,,,,,,,,,,,,,,,,,,,,,,,,,,,,,,,,,,,,,,,,,,,,
191,194,10,4,-0.196547731757164,-0.329208642244339,6.633045673370361,0.5390625,0.53125,,,,,,,,,,,,,,,,,,,,,,,,,,,,,,,,,,,,,,,,,,,,,
192,195,10,4,-0.24925796687602997,-0.38191473484039307,6.632838249206543,0.55859375,0.53515625,,,,,,,,,,,,,,,,,,,,,,,,,,,,,,,,,,,,,,,,,,,,,
193,196,10,4,-0.1834118664264679,-0.31331145763397217,6.494979381561279,0.46875,0.451171875,,,,,,,,,,,,,,,,,,,,,,,,,,,,,,,,,,,,,,,,,,,,,
194,197,10,4,-0.27328938245773315,-0.3932485580444336,5.997958183288574,0.62109375,0.578125,,,,,,,,,,,,,,,,,,,,,,,,,,,,,,,,,,,,,,,,,,,,,
195,198,10,4,-0.2695304751396179,-0.39167630672454834,6.1072916984558105,0.60546875,0.5859375,,,,,,,,,,,,,,,,,,,,,,,,,,,,,,,,,,,,,,,,,,,,,
196,199,10,4,-0.25402742624282837,-0.3634725511074066,5.472256660461426,0.53515625,0.52734375,,,,,,,,,,,,,,,,,,,,,,,,,,,,,,,,,,,,,,,,,,,,,
197,200,10,4,-0.20712098479270935,-0.3457305431365967,6.930478096008301,0.51953125,0.5234375,,,,,,,,,,,,,,,,,,,,,,,,,,,,,,,,,,,,,,,,,,,,,
198,201,10,4,-0.16089126467704773,-0.28731292486190796,6.321083068847656,0.404296875,0.435546875,,,,,,,,,,,,,,,,,,,,,,,,,,,,,,,,,,,,,,,,,,,,,
199,202,10,4,-0.24887900054454803,-0.40667566657066345,7.889833450317383,0.6328125,0.66015625,0.502819218672812,,,,,,,,,,,,,,,,,,,,,,,,,,,,,,,,,,,,,,,,,,,,
200,203,10,4,-0.2136520892381668,-0.3911150395870209,8.873147964477539,0.56640625,0.59765625,,,,,,,,,,,,,,,,,,,,,,,,,,,,,,,,,,,,,,,,,,,,,
201,204,10,4,-0.25364550948143005,-0.39371219277381897,7.0033345222473145,0.578125,0.61328125,,,,,,,,,,,,,,,,,,,,,,,,,,,,,,,,,,,,,,,,,,,,,
,,,,,,,,,,8,8,0,8,0,0,0,1.0,8192,8192,4.575331274420023,8192,8192,8192,16384,"(2, 3, 4)",0.7,1.0,8,student,,,,,,,,,,,,,,,,,,,,,,,,
,,,,,,,,,,,,,,,,,1.0,,,,8192,,,,,,,,,1.0,1.0,0.0,0.0,1.0,1790.4714453793147,1790.4714453793147,0.0009765625,,,,,,,,,,,,,,,,
,,,,,,,,,,,,,,,,,1.0,,,,8192,,,,,,,,,1.0,1.0,0.0,0.0,1.0,1790.4714453793147,1790.4714453793147,0.0009765625,1.0,0,0,0,HEALTHY,,0,0,0,0,0,0.0,,,,
,,,,,,,,,,,,,,,,,,,,,,,,,,,,,,,,,,,,,,,,,,,,,,,,,,False,,16,
202,206,0,4,0.05780351161956787,-0.02313869446516037,4.047110557556152,0.029274487867951393,0.1567736566066742,,,,,,,,,,,,,,,,,,,,,,,,,,,,,,,,,,,,,,,,,,,,,refresh
203,208,0,4,0.05214676260948181,-0.019225411117076874,3.5686087608337402,0.02332540601491928,0.08208383619785309,,,,,,,,,,,,,,,,,,,,,,,,,,,,,,,,,,,,,,,,,,,,,refresh
204,210,0,4,0.042968619614839554,-0.025524821132421494,3.4246721267700195,0.039456456899642944,0.19996793568134308,,,,,,,,,,,,,,,,,,,,,,,,,,,,,,,,,,,,,,,,,,,,,refresh
205,212,0,4,0.03239266201853752,-0.035956770181655884,3.4174716472625732,0.037935372442007065,0.11413708329200745,,,,,,,,,,,,,,,,,,,,,,,,,,,,,,,,,,,,,,,,,,,,,refresh
206,213,18,4,-0.173004612326622,-0.281823992729187,5.440968990325928,0.44921875,0.4375,,,,,,,,,,,,,,,,,,,,,,,,,,,,,,,,,,,,,,,,,,,,,
207,214,18,4,-0.18203094601631165,-0.32374128699302673,7.085516929626465,0.53125,0.5078125,,,,,,,,,,,,,,,,,,,,,,,,,,,,,,,,,,,,,,,,,,,,,
208,215,18,4,-0.2268083244562149,-0.3617058992385864,6.744878768920898,0.625,0.6015625,,,,,,,,,,,,,,,,,,,,,,,,,,,,,,,,,,,,,,,,,,,,,
209,216,18,4,-0.25947895646095276,-0.39295244216918945,6.673674583435059,0.60546875,0.58984375,,,,,,,,,,,,,,,,,,,,,,,,,,,,,,,,,,,,,,,,,,,,,
210,217,18,4,-0.23447075486183167,-0.3621065616607666,6.3817901611328125,0.546875,0.51171875,,,,,,,,,,,,,,,,,,,,,,,,,,,,,,,,,,,,,,,,,,,,,
211,218,18,4,-0.2212546318769455,-0.3271980583667755,5.297171592712402,0.5,0.462890625,,,,,,,,,,,,,,,,,,,,,,,,,,,,,,,,,,,,,,,,,,,,,
212,219,17,4,-0.21544215083122253,-0.33061841130256653,5.75881290435791,0.53515625,0.50390625,,,,,,,,,,,,,,,,,,,,,,,,,,,,,,,,,,,,,,,,,,,,,
213,220,18,4,-0.305509090423584,-0.443073034286499,6.878197193145752,0.6875,0.65625,,,,,,,,,,,,,,,,,,,,,,,,,,,,,,,,,,,,,,,,,,,,,
214,221,9,4,-0.18806776404380798,-0.3357774019241333,7.385481834411621,0.58203125,0.59375,,,,,,,,,,,,,,,,,,,,,,,,,,,,,,,,,,,,,,,,,,,,,
215,222,9,4,-0.165205180644989,-0.30956387519836426,7.217934608459473,0.49609375,0.51953125,,,,,,,,,,,,,,,,,,,,,,,,,,,,,,,,,,,,,,,,,,,,,
216,223,10,4,-0.18511977791786194,-0.2985646724700928,5.672244548797607,0.458984375,0.50390625,,,,,,,,,,,,,,,,,,,,,,,,,,,,,,,,,,,,,,,,,,,,,
217,224,10,4,-0.18616852164268494,-0.3072989583015442,6.056522369384766,0.470703125,0.5,,,,,,,,,,,,,,,,,,,,,,,,,,,,,,,,,,,,,,,,,,,,,
218,225,10,4,-0.20092536509037018,-0.33738017082214355,6.82274055480957,0.4921875,0.5234375,,,,,,,,,,,,,,,,,,,,,,,,,,,,,,,,,,,,,,,,,,,,,
219,226,10,4,-0.26609480381011963,-0.41572749614715576,7.481634140014648,0.62109375,0.671875,0.5029361350461841,,,,,,,,,,,,,,,,,,,,,,,,,,,,,,,,,,,,,,,,,,,,
220,227,10,4,-0.247178852558136,-0.3933878540992737,7.310450553894043,0.56640625,0.62109375,,,,,,,,,,,,,,,,,,,,,,,,,,,,,,,,,,,,,,,,,,,,,
221,228,10,4,-0.23185278475284576,-0.3637518286705017,6.594952583312988,0.5234375,0.578125,,,,,,,,,,,,,,,,,,,,,,,,,,,,,,,,,,,,,,,,,,,,,
222,229,10,4,-0.20693710446357727,-0.33146512508392334,6.226401329040527,0.482421875,0.51171875,,,,,,,,,,,,,,,,,,,,,,,,,,,,,,,,,,,,,,,,,,,,,
223,230,10,4,-0.20597033202648163,-0.33102530241012573,6.252748489379883,0.482421875,0.51171875,,,,,,,,,,,,,,,,,,,,,,,,,,,,,,,,,,,,,,,,,,,,,
224,231,10,4,-0.17614910006523132,-0.294425904750824,5.913839817047119,0.41796875,0.431640625,,,,,,,,,,,,,,,,,,,,,,,,,,,,,,,,,,,,,,,,,,,,,
225,232,10,4,-0.31222933530807495,-0.44531917572021484,6.654491424560547,0.671875,0.6796875,,,,,,,,,,,,,,,,,,,,,,,,,,,,,,,,,,,,,,,,,,,,,
226,233,10,4,-0.19973541796207428,-0.3232748508453369,6.176971912384033,0.484375,0.474609375,,,,,,,,,,,,,,,,,,,,,,,,,,,,,,,,,,,,,,,,,,,,,
227,234,10,4,-0.29247725009918213,-0.42641133069992065,6.696704864501953,0.6484375,0.625,,,,,,,,,,,,,,,,,,,,,,,,,,,,,,,,,,,,,,,,,,,,,
228,235,9,4,-0.24563570320606232,-0.3751707971096039,6.476755142211914,0.55078125,0.53125,,,,,,,,,,,,,,,,,,,,,,,,,,,,,,,,,,,,,,,,,,,,,
229,236,10,4,-0.17401301860809326,-0.2910308241844177,5.850890159606934,0.416015625,0.408203125,,,,,,,,,,,,,,,,,,,,,,,,,,,,,,,,,,,,,,,,,,,,,
230,237,10,4,-0.2547339200973511,-0.37999191880226135,6.262899398803711,0.5625,0.546875,,,,,,,,,,,,,,,,,,,,,,,,,,,,,,,,,,,,,,,,,,,,,
231,238,10,4,-0.2436569482088089,-0.3789212107658386,6.763213157653809,0.5703125,0.58203125,,,,,,,,,,,,,,,,,,,,,,,,,,,,,,,,,,,,,,,,,,,,,
232,239,10,4,-0.34855952858924866,-0.4617316424846649,5.658606052398682,0.66796875,0.67578125,,,,,,,,,,,,,,,,,,,,,,,,,,,,,,,,,,,,,,,,,,,,,
233,240,10,4,-0.25105181336402893,-0.382601797580719,6.5774993896484375,0.54296875,0.55859375,,,,,,,,,,,,,,,,,,,,,,,,,,,,,,,,,,,,,,,,,,,,,
234,241,10,4,-0.20868515968322754,-0.320604145526886,5.595949172973633,0.49609375,0.51171875,,,,,,,,,,,,,,,,,,,,,,,,,,,,,,,,,,,,,,,,,,,,,
235,242,10,4,-0.2662913203239441,-0.39978981018066406,6.674924850463867,0.578125,0.6015625,,,,,,,,,,,,,,,,,,,,,,,,,,,,,,,,,,,,,,,,,,,,,
236,243,10,4,-0.22228610515594482,-0.3464282155036926,6.20710563659668,0.494140625,0.53125,,,,,,,,,,,,,,,,,,,,,,,,,,,,,,,,,,,,,,,,,,,,,
237,244,10,4,-0.18932798504829407,-0.31295835971832275,6.1815185546875,0.466796875,0.484375,,,,,,,,,,,,,,,,,,,,,,,,,,,,,,,,,,,,,,,,,,,,,
238,245,10,4,-0.24156664311885834,-0.36474084854125977,6.158710479736328,0.51171875,0.53515625,,,,,,,,,,,,,,,,,,,,,,,,,,,,,,,,,,,,,,,,,,,,,
239,246,10,4,-0.22742362320423126,-0.36026298999786377,6.641968727111816,0.5390625,0.546875,0.49858800508081913,,,,,,,,,,,,,,,,,,,,,,,,,,,,,,,,,,,,,,,,,,,,
240,247,10,4,-0.29647064208984375,-0.44951725006103516,7.65233039855957,0.66015625,0.66015625,,,,,,,,,,,,,,,,,,,,,,,,,,,,,,,,,,,,,,,,,,,,,
241,248,10,4,-0.27336862683296204,-0.42247533798217773,7.45533561706543,0.62890625,0.59375,,,,,,,,,,,,,,,,,,,,,,,,,,,,,,,,,,,,,,,,,,,,,
242,249,10,4,-0.2835215926170349,-0.41995179653167725,6.8215107917785645,0.5703125,0.55859375,,,,,,,,,,,,,,,,,,,,,,,,,,,,,,,,,,,,,,,,,,,,,
243,250,10,4,-0.222733274102211,-0.3469772934913635,6.212201118469238,0.5078125,0.498046875,,,,,,,,,,,,,,,,,,,,,,,,,,,,,,,,,,,,,,,,,,,,,
244,251,10,4,-0.2827194929122925,-0.46872538328170776,9.300294876098633,0.703125,0.69140625,,,,,,,,,,,,,,,,,,,,,,,,,,,,,,,,,,,,,,,,,,,,,
245,252,10,4,-0.21440351009368896,-0.3591734766960144,7.238498687744141,0.5390625,0.54296875,,,,,,,,,,,,,,,,,,,,,,,,,,,,,,,,,,,,,,,,,,,,,
246,253,10,4,-0.2551393508911133,-0.38277649879455566,6.381856918334961,0.609375,0.609375,,,,,,,,,,,,,,,,,,,,,,,,,,,,,,,,,,,,,,,,,,,,,
247,254,10,4,-0.29556000232696533,-0.4273521602153778,6.589607238769531,0.62109375,0.63671875,,,,,,,,,,,,,,,,,,,,,,,,,,,,,,,,,,,,,,,,,,,,,
248,255,9,4,-0.2388053685426712,-0.378587931394577,6.989128112792969,0.54296875,0.55859375,,,,,,,,,,,,,,,,,,,,,,,,,,,,,,,,,,,,,,,,,,,,,
249,256,9,4,-0.235680490732193,-0.35743725299835205,6.087838172912598,0.498046875,0.51953125,,,,,,,,,,,,,,,,,,,,,,,,,,,,,,,,,,,,,,,,,,,,,
250,257,10,4,-0.3303748369216919,-0.47754764556884766,7.358639717102051,0.69140625,0.7109375,,,,,,,,,,,,,,,,,,,,,,,,,,,,,,,,,,,,,,,,,,,,,
251,258,10,4,-0.25231051445007324,-0.3949210047721863,7.1305251121521,0.57421875,0.59765625,,,,,,,,,,,,,,,,,,,,,,,,,,,,,,,,,,,,,,,,,,,,,
252,259,10,4,-0.2699570655822754,-0.41145896911621094,7.075094223022461,0.62109375,0.6328125,,,,,,,,,,,,,,,,,,,,,,,,,,,,,,,,,,,,,,,,,,,,,
253,260,10,4,-0.283477783203125,-0.42078256607055664,6.865240097045898,0.60546875,0.625,,,,,,,,,,,,,,,,,,,,,,,,,,,,,,,,,,,,,,,,,,,,,
254,261,10,4,-0.19815121591091156,-0.3446352183818817,7.324200630187988,0.53515625,0.5234375,,,,,,,,,,,,,,,,,,,,,,,,,,,,,,,,,,,,,,,,,,,,,
255,262,10,4,-0.26525604724884033,-0.39727145433425903,6.600769519805908,0.59375,0.58984375,,,,,,,,,,,,,,,,,,,,,,,,,,,,,,,,,,,,,,,,,,,,,
256,263,10,4,-0.19630348682403564,-0.3388172388076782,7.125688076019287,0.5234375,0.515625,,,,,,,,,,,,,,,,,,,,,,,,,,,,,,,,,,,,,,,,,,,,,
257,264,10,4,-0.2620043456554413,-0.3762143850326538,5.7105021476745605,0.515625,0.51171875,,,,,,,,,,,,,,,,,,,,,,,,,,,,,,,,,,,,,,,,,,,,,
258,265,10,4,-0.2707443833351135,-0.4269842505455017,7.811994552612305,0.61328125,0.6015625,,,,,,,,,,,,,,,,,,,,,,,,,,,,,,,,,,,,,,,,,,,,,
259,266,10,4,-0.2124495804309845,-0.36091282963752747,7.423162937164307,0.56640625,0.5546875,0.5028693852946162,,,,,,,,,,,,,,,,,,,,,,,,,,,,,,,,,,,,,,,,,,,,
260,267,10,4,-0.2620502710342407,-0.3906978368759155,6.432378768920898,0.6015625,0.58984375,,,,,,,,,,,,,,,,,,,,,,,,,,,,,,,,,,,,,,,,,,,,,
261,268,10,4,-0.19951386749744415,-0.33846428990364075,6.947521209716797,0.51171875,0.5078125,,,,,,,,,,,,,,,,,,,,,,,,,,,,,,,,,,,,,,,,,,,,,
262,269,10,4,-0.23528394103050232,-0.3563394248485565,6.052773952484131,0.50390625,0.494140625,,,,,,,,,,,,,,,,,,,,,,,,,,,,,,,,,,,,,,,,,,,,,
263,270,10,4,-0.2756306529045105,-0.41561320424079895,6.999128341674805,0.609375,0.6171875,,,,,,,,,,,,,,,,,,,,,,,,,,,,,,,,,,,,,,,,,,,,,
264,271,10,4,-0.2374042272567749,-0.3847716450691223,7.36837100982666,0.546875,0.55078125,,,,,,,,,,,,,,,,,,,,,,,,,,,,,,,,,,,,,,,,,,,,,
265,272,10,4,-0.2956136465072632,-0.4711644649505615,8.777542114257812,0.70703125,0.73828125,,,,,,,,,,,,,,,,,,,,,,,,,,,,,,,,,,,,,,,,,,,,,
266,273,10,4,-0.2774137258529663,-0.39261436462402344,5.760032653808594,0.55859375,0.578125,,,,,,,,,,,,,,,,,,,,,,,,,,,,,,,,,,,,,,,,,,,,,
267,274,10,4,-0.2072920799255371,-0.3528969883918762,7.280245780944824,0.5078125,0.53125,,,,,,,,,,,,,,,,,,,,,,,,,,,,,,,,,,,,,,,,,,,,,
268,275,9,4,-0.3050655424594879,-0.4402155876159668,6.757502555847168,0.640625,0.66015625,,,,,,,,,,,,,,,,,,,,,,,,,,,,,,,,,,,,,,,,,,,,,
269,276,10,4,-0.2515096068382263,-0.39164429903030396,7.0067338943481445,0.5625,0.578125,,,,,,,,,,,,,,,,,,,,,,,,,,,,,,,,,,,,,,,,,,,,,
270,277,10,4,-0.28144729137420654,-0.4317625164985657,7.515760898590088,0.640625,0.65625,,,,,,,,,,,,,,,,,,,,,,,,,,,,,,,,,,,,,,,,,,,,,
271,278,10,4,-0.2833878993988037,-0.44091618061065674,7.876415252685547,0.66015625,0.6640625,,,,,,,,,,,,,,,,,,,,,,,,,,,,,,,,,,,,,,,,,,,,,
272,279,10,4,-0.23951669037342072,-0.3708864748477936,6.568489074707031,0.5390625,0.5390625,,,,,,,,,,,,,,,,,,,,,,,,,,,,,,,,,,,,,,,,,,,,,
273,280,10,4,-0.22584307193756104,-0.37085476517677307,7.250584602355957,0.58984375,0.59375,,,,,,,,,,,,,,,,,,,,,,,,,,,,,,,,,,,,,,,,,,,,,
274,281,10,4,-0.2558656334877014,-0.38430845737457275,6.422141075134277,0.58203125,0.57421875,,,,,,,,,,,,,,,,,,,,,,,,,,,,,,,,,,,,,,,,,,,,,
275,282,9,4,-0.31422150135040283,-0.45727261900901794,7.152556419372559,0.640625,0.65625,,,,,,,,,,,,,,,,,,,,,,,,,,,,,,,,,,,,,,,,,,,,,
276,283,9,4,-0.2661776542663574,-0.39797765016555786,6.589999198913574,0.61328125,0.60546875,,,,,,,,,,,,,,,,,,,,,,,,,,,,,,,,,,,,,,,,,,,,,
277,284,9,4,-0.3250584602355957,-0.4570099115371704,6.597572326660156,0.6796875,0.66796875,,,,,,,,,,,,,,,,,,,,,,,,,,,,,,,,,,,,,,,,,,,,,
278,285,9,4,-0.26352059841156006,-0.38405728340148926,6.026834964752197,0.5546875,0.56640625,,,,,,,,,,,,,,,,,,,,,,,,,,,,,,,,,,,,,,,,,,,,,
279,286,9,4,-0.2838513255119324,-0.41986846923828125,6.8008575439453125,0.6328125,0.62890625,0.5198337538167834,,,,,,,,,,,,,,,,,,,,,,,,,,,,,,,,,,,,,,,,,,,,
280,287,9,4,-0.26617366075515747,-0.3929416835308075,6.3384013175964355,0.546875,0.5546875,,,,,,,,,,,,,,,,,,,,,,,,,,,,,,,,,,,,,,,,,,,,,
281,288,10,4,-0.35205158591270447,-0.49385982751846313,7.090412139892578,0.703125,0.70703125,,,,,,,,,,,,,,,,,,,,,,,,,,,,,,,,,,,,,,,,,,,,,
282,289,10,4,-0.24638685584068298,-0.38151878118515015,6.756596088409424,0.5703125,0.57421875,,,,,,,,,,,,,,,,,,,,,,,,,,,,,,,,,,,,,,,,,,,,,
283,290,10,4,-0.3065042793750763,-0.4531938433647156,7.334478378295898,0.7421875,0.76171875,,,,,,,,,,,,,,,,,,,,,,,,,,,,,,,,,,,,,,,,,,,,,
284,291,10,4,-0.38099876046180725,-0.5189212560653687,6.896124839782715,0.78125,0.7890625,,,,,,,,,,,,,,,,,,,,,,,,,,,,,,,,,,,,,,,,,,,,,
285,292,10,4,-0.2774047255516052,-0.41580435633659363,6.919981956481934,0.6015625,0.609375,,,,,,,,,,,,,,,,,,,,,,,,,,,,,,,,,,,,,,,,,,,,,
286,293,10,4,-0.2529182434082031,-0.3967130184173584,7.1897382736206055,0.5859375,0.609375,,,,,,,,,,,,,,,,,,,,,,,,,,,,,,,,,,,,,,,,,,,,,
287,294,10,4,-0.23307862877845764,-0.35712987184524536,6.20256233215332,0.4921875,0.50390625,,,,,,,,,,,,,,,,,,,,,,,,,,,,,,,,,,,,,,,,,,,,,
288,295,9,4,-0.2628076672554016,-0.4185304641723633,7.7861409187316895,0.60546875,0.6171875,,,,,,,,,,,,,,,,,,,,,,,,,,,,,,,,,,,,,,,,,,,,,
289,296,10,4,-0.22309571504592896,-0.36311495304107666,7.000961780548096,0.5234375,0.53125,,,,,,,,,,,,,,,,,,,,,,,,,,,,,,,,,,,,,,,,,,,,,
290,297,10,4,-0.2891015410423279,-0.4337503910064697,7.232442855834961,0.640625,0.64453125,,,,,,,,,,,,,,,,,,,,,,,,,,,,,,,,,,,,,,,,,,,,,
291,298,9,4,-0.274379163980484,-0.39835840463638306,6.198962211608887,0.5625,0.5625,,,,,,,,,,,,,,,,,,,,,,,,,,,,,,,,,,,,,,,,,,,,,
292,299,9,4,-0.27493584156036377,-0.39751482009887695,6.128948211669922,0.5625,0.5703125,,,,,,,,,,,,,,,,,,,,,,,,,,,,,,,,,,,,,,,,,,,,,
293,300,10,4,-0.2181229442358017,-0.3671409487724304,7.450900077819824,0.5390625,0.53125,,,,,,,,,,,,,,,,,,,,,,,,,,,,,,,,,,,,,,,,,,,,,
294,301,10,4,-0.2828790247440338,-0.43224307894706726,7.468202590942383,0.67578125,0.671875,,,,,,,,,,,,,,,,,,,,,,,,,,,,,,,,,,,,,,,,,,,,,
295,302,10,4,-0.3163338899612427,-0.46702951192855835,7.534780502319336,0.66796875,0.671875,,,,,,,,,,,,,,,,,,,,,,,,,,,,,,,,,,,,,,,,,,,,,
296,303,10,4,-0.3738024830818176,-0.5079444646835327,6.707098960876465,0.78515625,0.78125,,,,,,,,,,,,,,,,,,,,,,,,,,,,,,,,,,,,,,,,,,,,,
297,304,10,4,-0.19767016172409058,-0.3303627371788025,6.634629249572754,0.4921875,0.50390625,,,,,,,,,,,,,,,,,,,,,,,,,,,,,,,,,,,,,,,,,,,,,
298,305,10,4,-0.38083428144454956,-0.5127979516983032,6.598184585571289,0.7421875,0.7421875,,,,,,,,,,,,,,,,,,,,,,,,,,,,,,,,,,,,,,,,,,,,,
299,306,10,4,-0.3261834383010864,-0.45291411876678467,6.336533546447754,0.60546875,0.61328125,0.5242057526484132,,,,,,,,,,,,,,,,,,,,,,,,,,,,,,,,,,,,,,,,,,,,
300,307,10,4,-0.3724800944328308,-0.521243691444397,7.438180923461914,0.7734375,0.7734375,,,,,,,,,,,,,,,,,,,,,,,,,,,,,,,,,,,,,,,,,,,,,
301,308,10,4,-0.257896363735199,-0.38845938444137573,6.528151035308838,0.54296875,0.5546875,,,,,,,,,,,,,,,,,,,,,,,,,,,,,,,,,,,,,,,,,,,,,
302,309,10,4,-0.2604198753833771,-0.3974466919898987,6.8513407707214355,0.55078125,0.55859375,,,,,,,,,,,,,,,,,,,,,,,,,,,,,,,,,,,,,,,,,,,,,
303,310,10,4,-0.3180968761444092,-0.44730037450790405,6.460175037384033,0.65625,0.65625,,,,,,,,,,,,,,,,,,,,,,,,,,,,,,,,,,,,,,,,,,,,,
304,311,10,4,-0.3207920789718628,-0.4605221748352051,6.986505508422852,0.66015625,0.6796875,,,,,,,,,,,,,,,,,,,,,,,,,,,,,,,,,,,,,,,,,,,,,
305,312,10,4,-0.30025219917297363,-0.42647048830986023,6.310915470123291,0.6015625,0.609375,,,,,,,,,,,,,,,,,,,,,,,,,,,,,,,,,,,,,,,,,,,,,
,,,,,,,,,,8,7,0,7,1,0,0,0.875,8192,7168,4.588931605219841,7168,8192,8192,14336,"(2, 3, 4)",0.7,1.0,8,student,,,,,,,,,,,,,,,,,,,,,,,,
,,,,,,,,,,,,,,,,,0.875,,,,7168,,,,,,,,,1.0,0.875,0.125,0.0,0.875,1785.1649805984737,1562.0193580236644,0.0009765625,,,,,,,,,,,,,,,,
,,,,,,,,,,,,,,,,,0.875,,,,7168,,,,,,,,,1.0,0.875,0.125,0.0,0.875,1785.1649805984737,1562.0193580236644,0.0009765625,1.0,0,0,0,HEALTHY,,0,0,0,0,0,0.0,,,,
,,,,,,,,,,,,,,,,,,,,,,,,,,,,,,,,,,,,,,,,,,,,,,,,,,False,,23,
306,314,0,4,0.05040579289197922,-0.01194658875465393,3.117619276046753,0.015878820791840553,0.09294044226408005,,,,,,,,,,,,,,,,,,,,,,,,,,,,,,,,,,,,,,,,,,,,,refresh
307,316,0,4,0.05384070426225662,-0.0017606792971491814,2.78006911277771,0.010076580569148064,0.06631218641996384,,,,,,,,,,,,,,,,,,,,,,,,,,,,,,,,,,,,,,,,,,,,,refresh
